POS_Tag,Bobot
AUX,0.13090034965034966
DET,0.1271853146853147
ADJ,0.3006993006993007
ADV,0.21416083916083917
VERB,0.6236888111888111
PART,0.045236013986013984
CCONJ,0.2567744755244755
ADP,0.39750874125874125
PROPN,0.25655594405594406
SYM,0.08129370629370629
PRON,0.3522727272727273
NUM,0.03671328671328671
SCONJ,0.131993006993007
PUNCT,1.0
NOUN,0.9134615384615384
INTJ,0.010708041958041958
X,0.0
